title,company,location,link
Head of IT (m/f/d) at NetDoktor.de,Hubert Burda Media,"München, Deutschland",https://stackoverflow.com/jobs/413408
Praktikum in der Softwareentwicklung (Java),Senacor Technologies AG,"Frankfurt am Main, Deutschland",https://stackoverflow.com/jobs/342937
Praktikum in der Softwareentwicklung (Java),Senacor Technologies AG,"Bonn, Deutschland",https://stackoverflow.com/jobs/342936
Praktikum in der Softwareentwicklung (Java),Senacor Technologies AG,"Berlin, Deutschland",https://stackoverflow.com/jobs/342935
Praktikum in der Softwareentwicklung (Java),Senacor Technologies AG,"Nürnberg, Deutschland",https://stackoverflow.com/jobs/342932
Senior/ Lead Developer – Java/ JavaScript (m/w/d),Senacor Technologies AG,"Berlin, Deutschland",https://stackoverflow.com/jobs/342931
Full Stack Developer,Grow-Trees.com,"Mumbai, India",https://stackoverflow.com/jobs/386434
Software developer in Mumbai,Kitron Consultancy Private Limited,"Mumbai, India",https://stackoverflow.com/jobs/386432
PHP Developer,Intech Online,"Thane, India",https://stackoverflow.com/jobs/386428
PHP LEAD,Finoux Solutions,"Mumbai, India",https://stackoverflow.com/jobs/386426
Sr Software Developer (PHP),big tree,"Mumbai, India",https://stackoverflow.com/jobs/386423
PHP Developer,Rolson Infotech Solutions,"Navi Mumbai, India",https://stackoverflow.com/jobs/323589
Magento Developer,OleVea,"Mumbai, India",https://stackoverflow.com/jobs/386421
Wordpress Developer,OleVea,"Mumbai, India",https://stackoverflow.com/jobs/386420
Full Stack Drupal Developer,Vistaar Digital,"Mumbai, India",https://stackoverflow.com/jobs/386418
Jr Software Developer (PHP),big tree,"Mumbai, India",https://stackoverflow.com/jobs/323778
Wordpress Developer,Riyo Infotech,"Mumbai, India",https://stackoverflow.com/jobs/386416
Wordpress Developer,Riyo Advertising,"Mumbai, India",https://stackoverflow.com/jobs/386415
PHP Developer / Sr. Developer - MVC,Simplified Software Solutions India,"Mumbai, India",https://stackoverflow.com/jobs/386413
PHP Developer,Innovac Consulting,"Navi Mumbai, India",https://stackoverflow.com/jobs/386412
PHP Laravel Developer,Aptus Health,"Navi Mumbai, India",https://stackoverflow.com/jobs/386411
Sr. PHP Developer,Digi Interface,"Mumbai, India",https://stackoverflow.com/jobs/386409
Wordpress Theme Developer,WMI Innovative Solutions,"Navi Mumbai, India",https://stackoverflow.com/jobs/386405
Urgent Requirement for PHP Developers,Digi Interface,"Mumbai, India",https://stackoverflow.com/jobs/386404
E-Commerce Software Developer,OleVea,"Mumbai, India",https://stackoverflow.com/jobs/386393
